set,cohort_year,collection_key,sample_year_start,sample_week,raw_downloaders,downloaders_per_billion,itu_source_users,itu_reference_year,itu_reference_users,adjustment_factor,adjusted_downloaders
animated-features,2020,altered-carbon-resleeved,2020,1,194583,43240.666667,4.500000,2025,6.000000,1.333333,259444.000000
animated-features,2020,altered-carbon-resleeved,2020,2,324248,72055.111111,4.500000,2025,6.000000,1.333333,432330.666667
animated-features,2020,altered-carbon-resleeved,2020,3,475704,105712.000000,4.500000,2025,6.000000,1.333333,634272.000000
animated-features,2020,altered-carbon-resleeved,2020,4,629145,139810.000000,4.500000,2025,6.000000,1.333333,838860.000000
animated-features,2020,altered-carbon-resleeved,2020,5,755201,167822.444444,4.500000,2025,6.000000,1.333333,1006934.666667
animated-features,2020,altered-carbon-resleeved,2020,6,856222,190271.555556,4.500000,2025,6.000000,1.333333,1141629.333333
animated-features,2020,altered-carbon-resleeved,2020,7,980718,217937.333333,4.500000,2025,6.000000,1.333333,1307624.000000
animated-features,2020,altered-carbon-resleeved,2020,8,1102537,245008.222222,4.500000,2025,6.000000,1.333333,1470049.333333
animated-features,2020,altered-carbon-resleeved,2020,9,1209371,268749.111111,4.500000,2025,6.000000,1.333333,1612494.666667
animated-features,2020,altered-carbon-resleeved,2020,10,1294918,287759.555556,4.500000,2025,6.000000,1.333333,1726557.333333
animated-features,2020,demon-slayer-kimetsu-no-yaiba-the-movie-mugen-train,2020,1,75493,16776.222222,4.500000,2025,6.000000,1.333333,100657.333333
animated-features,2020,demon-slayer-kimetsu-no-yaiba-the-movie-mugen-train,2020,2,170474,37883.111111,4.500000,2025,6.000000,1.333333,227298.666667
animated-features,2020,demon-slayer-kimetsu-no-yaiba-the-movie-mugen-train,2020,3,298287,66286.000000,4.500000,2025,6.000000,1.333333,397716.000000
animated-features,2020,demon-slayer-kimetsu-no-yaiba-the-movie-mugen-train,2020,4,439549,97677.555556,4.500000,2025,6.000000,1.333333,586065.333333
animated-features,2020,demon-slayer-kimetsu-no-yaiba-the-movie-mugen-train,2020,5,578202,128489.333333,4.500000,2025,6.000000,1.333333,770936.000000
animated-features,2020,demon-slayer-kimetsu-no-yaiba-the-movie-mugen-train,2020,6,669781,148840.222222,4.500000,2025,6.000000,1.333333,893041.333333
animated-features,2020,demon-slayer-kimetsu-no-yaiba-the-movie-mugen-train,2020,7,772150,171588.888889,4.500000,2025,6.000000,1.333333,1029533.333333
animated-features,2020,demon-slayer-kimetsu-no-yaiba-the-movie-mugen-train,2020,8,865050,192233.333333,4.500000,2025,6.000000,1.333333,1153400.000000
animated-features,2020,demon-slayer-kimetsu-no-yaiba-the-movie-mugen-train,2020,9,937037,208230.444444,4.500000,2025,6.000000,1.333333,1249382.666667
animated-features,2020,demon-slayer-kimetsu-no-yaiba-the-movie-mugen-train,2020,10,1010576,224572.444444,4.500000,2025,6.000000,1.333333,1347434.666667
animated-features,2020,demon-slayer-kimetsu-no-yaiba-the-movie-mugen-train,2020,11,1100523,244560.666667,4.500000,2025,6.000000,1.333333,1467364.000000
animated-features,2020,demon-slayer-kimetsu-no-yaiba-the-movie-mugen-train,2020,12,1192915,265092.222222,4.500000,2025,6.000000,1.333333,1590553.333333
animated-features,2020,demon-slayer-kimetsu-no-yaiba-the-movie-mugen-train,2020,13,1261288,280286.222222,4.500000,2025,6.000000,1.333333,1681717.333333
animated-features,2020,demon-slayer-kimetsu-no-yaiba-the-movie-mugen-train,2020,14,1332163,296036.222222,4.500000,2025,6.000000,1.333333,1776217.333333
animated-features,2020,demon-slayer-kimetsu-no-yaiba-the-movie-mugen-train,2020,15,1386531,308118.000000,4.500000,2025,6.000000,1.333333,1848708.000000
animated-features,2020,demon-slayer-kimetsu-no-yaiba-the-movie-mugen-train,2020,16,1446354,321412.000000,4.500000,2025,6.000000,1.333333,1928472.000000
animated-features,2020,demon-slayer-kimetsu-no-yaiba-the-movie-mugen-train,2020,17,1506738,334830.666667,4.500000,2025,6.000000,1.333333,2008984.000000
animated-features,2020,demon-slayer-kimetsu-no-yaiba-the-movie-mugen-train,2020,18,1559591,346575.777778,4.500000,2025,6.000000,1.333333,2079454.666667
animated-features,2020,demon-slayer-kimetsu-no-yaiba-the-movie-mugen-train,2020,19,1608411,357424.666667,4.500000,2025,6.000000,1.333333,2144548.000000
animated-features,2020,demon-slayer-kimetsu-no-yaiba-the-movie-mugen-train,2020,20,1680160,373368.888889,4.500000,2025,6.000000,1.333333,2240213.333333
animated-features,2020,demon-slayer-kimetsu-no-yaiba-the-movie-mugen-train,2020,21,3057689,679486.444444,4.500000,2025,6.000000,1.333333,4076918.666667
animated-features,2020,demon-slayer-kimetsu-no-yaiba-the-movie-mugen-train,2020,22,4669008,1037557.333333,4.500000,2025,6.000000,1.333333,6225344.000000
animated-features,2020,demon-slayer-kimetsu-no-yaiba-the-movie-mugen-train,2020,23,6018246,1337388.000000,4.500000,2025,6.000000,1.333333,8024328.000000
animated-features,2020,demon-slayer-kimetsu-no-yaiba-the-movie-mugen-train,2020,24,7301822,1622627.111111,4.500000,2025,6.000000,1.333333,9735762.666667
animated-features,2020,demon-slayer-kimetsu-no-yaiba-the-movie-mugen-train,2020,25,8484386,1885419.111111,4.500000,2025,6.000000,1.333333,11312514.666667
animated-features,2020,demon-slayer-kimetsu-no-yaiba-the-movie-mugen-train,2020,26,9523681,2116373.555556,4.500000,2025,6.000000,1.333333,12698241.333333
animated-features,2020,demon-slayer-kimetsu-no-yaiba-the-movie-mugen-train,2020,27,10524855,2338856.666667,4.500000,2025,6.000000,1.333333,14033140.000000
animated-features,2020,demon-slayer-kimetsu-no-yaiba-the-movie-mugen-train,2020,28,11909143,2646476.222222,4.500000,2025,6.000000,1.333333,15878857.333333
animated-features,2020,demon-slayer-kimetsu-no-yaiba-the-movie-mugen-train,2020,29,13652310,3033846.666667,4.500000,2025,6.000000,1.333333,18203080.000000
animated-features,2020,demon-slayer-kimetsu-no-yaiba-the-movie-mugen-train,2020,30,15072010,3349335.555556,4.500000,2025,6.000000,1.333333,20096013.333333
animated-features,2020,demon-slayer-kimetsu-no-yaiba-the-movie-mugen-train,2020,31,16303824,3623072.000000,4.500000,2025,6.000000,1.333333,21738432.000000
animated-features,2020,demon-slayer-kimetsu-no-yaiba-the-movie-mugen-train,2020,32,17266763,3837058.444444,4.500000,2025,6.000000,1.333333,23022350.666667
animated-features,2020,demon-slayer-kimetsu-no-yaiba-the-movie-mugen-train,2020,33,18189815,4042181.111111,4.500000,2025,6.000000,1.333333,24253086.666667
animated-features,2020,demon-slayer-kimetsu-no-yaiba-the-movie-mugen-train,2020,34,18922341,4204964.666667,4.500000,2025,6.000000,1.333333,25229788.000000
animated-features,2020,demon-slayer-kimetsu-no-yaiba-the-movie-mugen-train,2020,35,19797950,4399544.444444,4.500000,2025,6.000000,1.333333,26397266.666667
animated-features,2020,demon-slayer-kimetsu-no-yaiba-the-movie-mugen-train,2020,36,20617966,4581770.222222,4.500000,2025,6.000000,1.333333,27490621.333333
animated-features,2020,demon-slayer-kimetsu-no-yaiba-the-movie-mugen-train,2020,37,21398552,4755233.777778,4.500000,2025,6.000000,1.333333,28531402.666667
animated-features,2020,demon-slayer-kimetsu-no-yaiba-the-movie-mugen-train,2020,38,22147943,4921765.111111,4.500000,2025,6.000000,1.333333,29530590.666667
animated-features,2020,demon-slayer-kimetsu-no-yaiba-the-movie-mugen-train,2020,39,22894255,5087612.222222,4.500000,2025,6.000000,1.333333,30525673.333333
animated-features,2020,demon-slayer-kimetsu-no-yaiba-the-movie-mugen-train,2020,40,23632645,5251698.888889,4.500000,2025,6.000000,1.333333,31510193.333333
animated-features,2020,demon-slayer-kimetsu-no-yaiba-the-movie-mugen-train,2020,41,24325537,5405674.888889,4.500000,2025,6.000000,1.333333,32434049.333333
animated-features,2020,demon-slayer-kimetsu-no-yaiba-the-movie-mugen-train,2020,42,24701825,5489294.444444,4.500000,2025,6.000000,1.333333,32935766.666667
animated-features,2020,demon-slayer-kimetsu-no-yaiba-the-movie-mugen-train,2020,43,25053566,5567459.111111,4.500000,2025,6.000000,1.333333,33404754.666667
animated-features,2020,demon-slayer-kimetsu-no-yaiba-the-movie-mugen-train,2020,44,25400733,5644607.333333,4.500000,2025,6.000000,1.333333,33867644.000000
animated-features,2020,demon-slayer-kimetsu-no-yaiba-the-movie-mugen-train,2020,45,25693864,5709747.555556,4.500000,2025,6.000000,1.333333,34258485.333333
animated-features,2020,japan-sinks,2020,1,78644,17476.444444,4.500000,2025,6.000000,1.333333,104858.666667
animated-features,2020,japan-sinks,2020,2,137557,30568.222222,4.500000,2025,6.000000,1.333333,183409.333333
animated-features,2020,japan-sinks,2020,3,213592,47464.888889,4.500000,2025,6.000000,1.333333,284789.333333
animated-features,2020,japan-sinks,2020,4,329718,73270.666667,4.500000,2025,6.000000,1.333333,439624.000000
animated-features,2020,japan-sinks,2020,5,415709,92379.777778,4.500000,2025,6.000000,1.333333,554278.666667
animated-features,2020,japan-sinks,2020,6,510476,113439.111111,4.500000,2025,6.000000,1.333333,680634.666667
animated-features,2020,japan-sinks,2020,7,589632,131029.333333,4.500000,2025,6.000000,1.333333,786176.000000
animated-features,2020,japan-sinks,2020,8,667116,148248.000000,4.500000,2025,6.000000,1.333333,889488.000000
animated-features,2020,japan-sinks,2020,9,739093,164242.888889,4.500000,2025,6.000000,1.333333,985457.333333
animated-features,2020,japan-sinks,2020,10,814941,181098.000000,4.500000,2025,6.000000,1.333333,1086588.000000
animated-features,2020,japan-sinks,2020,11,911142,202476.000000,4.500000,2025,6.000000,1.333333,1214856.000000
animated-features,2021,mitchells-vs-the-machines,2021,1,1549763,316278.163265,4.900000,2025,6.000000,1.224490,1897668.979592
animated-features,2021,mitchells-vs-the-machines,2021,2,2704491,551936.938776,4.900000,2025,6.000000,1.224490,3311621.632653
animated-features,2021,mitchells-vs-the-machines,2021,3,3988585,813996.938776,4.900000,2025,6.000000,1.224490,4883981.632653
animated-features,2021,mitchells-vs-the-machines,2021,4,5321985,1086119.387755,4.900000,2025,6.000000,1.224490,6516716.326531
animated-features,2021,mitchells-vs-the-machines,2021,5,6401545,1306437.755102,4.900000,2025,6.000000,1.224490,7838626.530612
animated-features,2021,mitchells-vs-the-machines,2021,6,7211774,1471790.612245,4.900000,2025,6.000000,1.224490,8830743.673469
animated-features,2021,mitchells-vs-the-machines,2021,7,7992550,1631132.653061,4.900000,2025,6.000000,1.224490,9786795.918367
animated-features,2021,mitchells-vs-the-machines,2021,8,8799433,1795802.653061,4.900000,2025,6.000000,1.224490,10774815.918367
animated-features,2021,mitchells-vs-the-machines,2021,9,9462389,1931099.795918,4.900000,2025,6.000000,1.224490,11586598.775510
animated-features,2021,mitchells-vs-the-machines,2021,10,10003687,2041568.775510,4.900000,2025,6.000000,1.224490,12249412.653061
animated-features,2021,pacific-rim-the-black,2021,1,108412,22124.897959,4.900000,2025,6.000000,1.224490,132749.387755
animated-features,2021,pacific-rim-the-black,2021,2,165042,33682.040816,4.900000,2025,6.000000,1.224490,202092.244898
animated-features,2021,pacific-rim-the-black,2021,3,206159,42073.265306,4.900000,2025,6.000000,1.224490,252439.591837
animated-features,2021,pacific-rim-the-black,2021,4,239360,48848.979592,4.900000,2025,6.000000,1.224490,293093.877551
animated-features,2021,pacific-rim-the-black,2021,5,268156,54725.714286,4.900000,2025,6.000000,1.224490,328354.285714
animated-features,2021,pacific-rim-the-black,2021,6,294454,60092.653061,4.900000,2025,6.000000,1.224490,360555.918367
animated-features,2021,pacific-rim-the-black,2021,7,317789,64854.897959,4.900000,2025,6.000000,1.224490,389129.387755
animated-features,2021,pacific-rim-the-black,2021,8,493895,100794.897959,4.900000,2025,6.000000,1.224490,604769.387755
animated-features,2021,pacific-rim-the-black,2021,9,1377053,281031.224490,4.900000,2025,6.000000,1.224490,1686187.346939
animated-features,2021,pacific-rim-the-black,2021,10,1924732,392802.448980,4.900000,2025,6.000000,1.224490,2356814.693878
animated-features,2021,raya-and-the-last-dragon,2021,1,3642332,743333.061224,4.900000,2025,6.000000,1.224490,4459998.367347
animated-features,2021,raya-and-the-last-dragon,2021,2,6789405,1385592.857143,4.900000,2025,6.000000,1.224490,8313557.142857
animated-features,2021,raya-and-the-last-dragon,2021,3,9623653,1964010.816327,4.900000,2025,6.000000,1.224490,11784064.897959
animated-features,2021,raya-and-the-last-dragon,2021,4,11984263,2445767.959184,4.900000,2025,6.000000,1.224490,14674607.755102
animated-features,2021,raya-and-the-last-dragon,2021,5,14050118,2867371.020408,4.900000,2025,6.000000,1.224490,17204226.122449
animated-features,2021,raya-and-the-last-dragon,2021,6,15764912,3217328.979592,4.900000,2025,6.000000,1.224490,19303973.877551
animated-features,2021,raya-and-the-last-dragon,2021,7,17215888,3513446.530612,4.900000,2025,6.000000,1.224490,21080679.183673
animated-features,2021,raya-and-the-last-dragon,2021,8,18620295,3800060.204082,4.900000,2025,6.000000,1.224490,22800361.224490
animated-features,2021,raya-and-the-last-dragon,2021,9,19865726,4054229.795918,4.900000,2025,6.000000,1.224490,24325378.775510
animated-features,2021,raya-and-the-last-dragon,2021,10,20993650,4284418.367347,4.900000,2025,6.000000,1.224490,25706510.204082
animated-features,2021,raya-and-the-last-dragon,2021,11,22127172,4515749.387755,4.900000,2025,6.000000,1.224490,27094496.326531
animated-features,2021,raya-and-the-last-dragon,2021,12,23228380,4740485.714286,4.900000,2025,6.000000,1.224490,28442914.285714
animated-features,2021,raya-and-the-last-dragon,2021,13,24343267,4968013.673469,4.900000,2025,6.000000,1.224490,29808082.040816
animated-features,2021,raya-and-the-last-dragon,2021,14,25404208,5184532.244898,4.900000,2025,6.000000,1.224490,31107193.469388
animated-features,2021,raya-and-the-last-dragon,2021,15,26303848,5368132.244898,4.900000,2025,6.000000,1.224490,32208793.469388
animated-features,2021,raya-and-the-last-dragon,2021,16,27219701,5555041.020408,4.900000,2025,6.000000,1.224490,33330246.122449
animated-features,2021,raya-and-the-last-dragon,2021,17,27902444,5694376.326531,4.900000,2025,6.000000,1.224490,34166257.959184
animated-features,2021,raya-and-the-last-dragon,2021,18,28661416,5849268.571429,4.900000,2025,6.000000,1.224490,35095611.428571
animated-features,2021,raya-and-the-last-dragon,2021,19,29350761,5989951.224490,4.900000,2025,6.000000,1.224490,35939707.346939
animated-features,2021,raya-and-the-last-dragon,2021,20,29944344,6111090.612245,4.900000,2025,6.000000,1.224490,36666543.673469
animated-features,2021,raya-and-the-last-dragon,2021,21,30497299,6223938.571429,4.900000,2025,6.000000,1.224490,37343631.428571
animated-features,2021,raya-and-the-last-dragon,2021,22,31019391,6330487.959184,4.900000,2025,6.000000,1.224490,37982927.755102
animated-features,2021,raya-and-the-last-dragon,2021,23,31572055,6443276.530612,4.900000,2025,6.000000,1.224490,38659659.183673
animated-features,2021,raya-and-the-last-dragon,2021,24,32064337,6543742.244898,4.900000,2025,6.000000,1.224490,39262453.469388
animated-features,2021,raya-and-the-last-dragon,2021,25,32592492,6651528.979592,4.900000,2025,6.000000,1.224490,39909173.877551
animated-features,2021,raya-and-the-last-dragon,2021,26,33080233,6751067.959184,4.900000,2025,6.000000,1.224490,40506407.755102
animated-features,2021,yasuke-01,2021,1,478383,97629.183673,4.900000,2025,6.000000,1.224490,585775.102041
animated-features,2021,yasuke-01,2021,2,1238388,252732.244898,4.900000,2025,6.000000,1.224490,1516393.469388
animated-features,2021,yasuke-01,2021,3,1915499,390918.163265,4.900000,2025,6.000000,1.224490,2345508.979592
animated-features,2021,yasuke-01,2021,4,2671423,545188.367347,4.900000,2025,6.000000,1.224490,3271130.204082
animated-features,2021,yasuke-01,2021,5,3356568,685013.877551,4.900000,2025,6.000000,1.224490,4110083.265306
animated-features,2021,yasuke-01,2021,6,4020190,820446.938776,4.900000,2025,6.000000,1.224490,4922681.632653
animated-features,2021,yasuke-01,2021,7,4515115,921452.040816,4.900000,2025,6.000000,1.224490,5528712.244898
animated-features,2021,yasuke-01,2021,8,5031459,1026828.367347,4.900000,2025,6.000000,1.224490,6160970.204082
animated-features,2021,yasuke-01,2021,9,5490366,1120482.857143,4.900000,2025,6.000000,1.224490,6722897.142857
animated-features,2021,yasuke-01,2021,10,5862662,1196461.632653,4.900000,2025,6.000000,1.224490,7178769.795918
animated-features,2022,turning-red,2022,1,2347235,442874.528302,5.300000,2025,6.000000,1.132075,2657247.169811
animated-features,2022,turning-red,2022,2,3808283,718543.962264,5.300000,2025,6.000000,1.132075,4311263.773585
animated-features,2022,turning-red,2022,3,5412883,1021298.679245,5.300000,2025,6.000000,1.132075,6127792.075472
animated-features,2022,turning-red,2022,4,6482574,1223127.169811,5.300000,2025,6.000000,1.132075,7338763.018868
animated-features,2022,turning-red,2022,5,7538521,1422362.452830,5.300000,2025,6.000000,1.132075,8534174.716981
animated-features,2022,turning-red,2022,6,8476679,1599373.396226,5.300000,2025,6.000000,1.132075,9596240.377358
animated-features,2022,turning-red,2022,7,9291676,1753146.415094,5.300000,2025,6.000000,1.132075,10518878.490566
animated-features,2022,turning-red,2022,8,9994693,1885791.132075,5.300000,2025,6.000000,1.132075,11314746.792453
animated-features,2022,turning-red,2022,9,10564004,1993208.301887,5.300000,2025,6.000000,1.132075,11959249.811321
animated-features,2022,turning-red,2022,10,11084864,2091483.773585,5.300000,2025,6.000000,1.132075,12548902.641509
animated-features,2022,turning-red,2022,11,11587646,2186348.301887,5.300000,2025,6.000000,1.132075,13118089.811321
animated-features,2022,turning-red,2022,12,12047968,2273201.509434,5.300000,2025,6.000000,1.132075,13639209.056604
animated-features,2022,turning-red,2022,13,12468709,2352586.603774,5.300000,2025,6.000000,1.132075,14115519.622642
animated-features,2022,turning-red,2022,14,12877038,2429629.811321,5.300000,2025,6.000000,1.132075,14577778.867925
animated-features,2022,turning-red,2022,15,13279797,2505622.075472,5.300000,2025,6.000000,1.132075,15033732.452830
animated-features,2023,spider-man-across-the-spider-verse,2023,1,2860486,529719.629630,5.400000,2025,6.000000,1.111111,3178317.777778
animated-features,2023,spider-man-across-the-spider-verse,2023,2,4876086,902978.888889,5.400000,2025,6.000000,1.111111,5417873.333333
animated-features,2023,spider-man-across-the-spider-verse,2023,3,6409433,1186932.037037,5.400000,2025,6.000000,1.111111,7121592.222222
animated-features,2023,spider-man-across-the-spider-verse,2023,4,7781893,1441091.296296,5.400000,2025,6.000000,1.111111,8646547.777778
animated-features,2023,spider-man-across-the-spider-verse,2023,5,8938812,1655335.555556,5.400000,2025,6.000000,1.111111,9932013.333333
animated-features,2023,spider-man-across-the-spider-verse,2023,6,10145409,1878779.444444,5.400000,2025,6.000000,1.111111,11272676.666667
animated-features,2023,spider-man-across-the-spider-verse,2023,7,11251251,2083565.000000,5.400000,2025,6.000000,1.111111,12501390.000000
animated-features,2023,spider-man-across-the-spider-verse,2023,8,12332487,2283793.888889,5.400000,2025,6.000000,1.111111,13702763.333333
animated-features,2023,spider-man-across-the-spider-verse,2023,9,13419981,2485181.666667,5.400000,2025,6.000000,1.111111,14911090.000000
animated-features,2023,spider-man-across-the-spider-verse,2023,10,14429901,2672203.888889,5.400000,2025,6.000000,1.111111,16033223.333333
animated-features,2023,spider-man-across-the-spider-verse,2023,11,15390594,2850110.000000,5.400000,2025,6.000000,1.111111,17100660.000000
animated-features,2023,spider-man-across-the-spider-verse,2023,12,16502780,3056070.370370,5.400000,2025,6.000000,1.111111,18336422.222222
animated-features,2023,spider-man-across-the-spider-verse,2023,13,18065456,3345454.814815,5.400000,2025,6.000000,1.111111,20072728.888889
animated-features,2023,spider-man-across-the-spider-verse,2023,14,19613000,3632037.037037,5.400000,2025,6.000000,1.111111,21792222.222222
animated-features,2023,spider-man-across-the-spider-verse,2023,15,21235557,3932510.555556,5.400000,2025,6.000000,1.111111,23595063.333333
animated-features,2023,spider-man-across-the-spider-verse,2023,16,22730454,4209343.333333,5.400000,2025,6.000000,1.111111,25256060.000000
animated-features,2023,spider-man-across-the-spider-verse,2023,17,24158767,4473845.740741,5.400000,2025,6.000000,1.111111,26843074.444444
animated-features,2023,spider-man-across-the-spider-verse,2023,18,25528082,4727422.592593,5.400000,2025,6.000000,1.111111,28364535.555556
animated-features,2023,spider-man-across-the-spider-verse,2023,19,27001433,5000265.370370,5.400000,2025,6.000000,1.111111,30001592.222222
animated-features,2023,spider-man-across-the-spider-verse,2023,20,28371721,5254022.407407,5.400000,2025,6.000000,1.111111,31524134.444444
animated-features,2023,spider-man-across-the-spider-verse,2023,21,29849362,5527659.629630,5.400000,2025,6.000000,1.111111,33165957.777778
animated-features,2023,spider-man-across-the-spider-verse,2023,22,31414324,5817467.407407,5.400000,2025,6.000000,1.111111,34904804.444444
animated-features,2023,spider-man-across-the-spider-verse,2023,23,32891378,6090995.925926,5.400000,2025,6.000000,1.111111,36545975.555556
animated-features,2023,spider-man-across-the-spider-verse,2023,24,34318658,6355307.037037,5.400000,2025,6.000000,1.111111,38131842.222222
animated-features,2023,spider-man-across-the-spider-verse,2023,25,35713367,6613586.481481,5.400000,2025,6.000000,1.111111,39681518.888889
animated-features,2023,spider-man-across-the-spider-verse,2023,26,37134891,6876831.666667,5.400000,2025,6.000000,1.111111,41260990.000000
animated-features,2023,spider-man-across-the-spider-verse,2023,27,37342322,6915244.814815,5.400000,2025,6.000000,1.111111,41491468.888889
animated-features,2023,super-mario-brothers-movie,2023,1,2164246,400786.296296,5.400000,2025,6.000000,1.111111,2404717.777778
animated-features,2023,super-mario-brothers-movie,2023,2,3867747,716249.444444,5.400000,2025,6.000000,1.111111,4297496.666667
animated-features,2023,super-mario-brothers-movie,2023,3,5189652,961046.666667,5.400000,2025,6.000000,1.111111,5766280.000000
animated-features,2023,super-mario-brothers-movie,2023,4,6392362,1183770.740741,5.400000,2025,6.000000,1.111111,7102624.444444
animated-features,2023,super-mario-brothers-movie,2023,5,7386820,1367929.629630,5.400000,2025,6.000000,1.111111,8207577.777778
animated-features,2023,super-mario-brothers-movie,2023,6,8335747,1543656.851852,5.400000,2025,6.000000,1.111111,9261941.111111
animated-features,2023,super-mario-brothers-movie,2023,7,9204783,1704589.444444,5.400000,2025,6.000000,1.111111,10227536.666667
animated-features,2023,super-mario-brothers-movie,2023,8,10018035,1855191.666667,5.400000,2025,6.000000,1.111111,11131150.000000
animated-features,2023,super-mario-brothers-movie,2023,9,10883628,2015486.666667,5.400000,2025,6.000000,1.111111,12092920.000000
animated-features,2023,super-mario-brothers-movie,2023,10,11696701,2166055.740741,5.400000,2025,6.000000,1.111111,12996334.444444
animated-features,2023,super-mario-brothers-movie,2023,11,12469278,2309125.555556,5.400000,2025,6.000000,1.111111,13854753.333333
animated-features,2023,super-mario-brothers-movie,2023,12,13180618,2440855.185185,5.400000,2025,6.000000,1.111111,14645131.111111
animated-features,2023,super-mario-brothers-movie,2023,13,13863036,2567228.888889,5.400000,2025,6.000000,1.111111,15403373.333333
animated-features,2023,super-mario-brothers-movie,2023,14,14475259,2680603.518519,5.400000,2025,6.000000,1.111111,16083621.111111
animated-features,2023,super-mario-brothers-movie,2023,15,15102140,2796692.592593,5.400000,2025,6.000000,1.111111,16780155.555556
animated-features,2023,super-mario-brothers-movie,2023,16,15709124,2909097.037037,5.400000,2025,6.000000,1.111111,17454582.222222
animated-features,2023,super-mario-brothers-movie,2023,17,16414700,3039759.259259,5.400000,2025,6.000000,1.111111,18238555.555556
animated-features,2023,super-mario-brothers-movie,2023,18,17277378,3199514.444444,5.400000,2025,6.000000,1.111111,19197086.666667
animated-features,2023,super-mario-brothers-movie,2023,19,18071298,3346536.666667,5.400000,2025,6.000000,1.111111,20079220.000000
animated-features,2024,boy-and-the-heron,2024,1,744879,135432.545455,5.500000,2025,6.000000,1.090909,812595.272727
animated-features,2024,boy-and-the-heron,2024,2,1472614,267748.000000,5.500000,2025,6.000000,1.090909,1606488.000000
animated-features,2024,boy-and-the-heron,2024,3,2443034,444188.000000,5.500000,2025,6.000000,1.090909,2665128.000000
animated-features,2024,boy-and-the-heron,2024,4,3543957,644355.818182,5.500000,2025,6.000000,1.090909,3866134.909091
animated-features,2024,boy-and-the-heron,2024,5,4690516,852821.090909,5.500000,2025,6.000000,1.090909,5116926.545455
animated-features,2024,boy-and-the-heron,2024,6,5944850,1080881.818182,5.500000,2025,6.000000,1.090909,6485290.909091
animated-features,2024,boy-and-the-heron,2024,7,7158219,1301494.363636,5.500000,2025,6.000000,1.090909,7808966.181818
animated-features,2024,boy-and-the-heron,2024,8,8357907,1519619.454545,5.500000,2025,6.000000,1.090909,9117716.727273
animated-features,2024,boy-and-the-heron,2024,9,9522525,1731368.181818,5.500000,2025,6.000000,1.090909,10388209.090909
animated-features,2024,boy-and-the-heron,2024,10,10498831,1908878.363636,5.500000,2025,6.000000,1.090909,11453270.181818
animated-features,2024,boy-and-the-heron,2024,11,11473000,2086000.000000,5.500000,2025,6.000000,1.090909,12516000.000000
animated-features,2024,boy-and-the-heron,2024,12,12393700,2253400.000000,5.500000,2025,6.000000,1.090909,13520400.000000
animated-features,2024,boy-and-the-heron,2024,13,13342260,2425865.454545,5.500000,2025,6.000000,1.090909,14555192.727273
animated-features,2024,boy-and-the-heron,2024,14,14309772,2601776.727273,5.500000,2025,6.000000,1.090909,15610660.363636
animated-features,2024,boy-and-the-heron,2024,15,15284500,2779000.000000,5.500000,2025,6.000000,1.090909,16674000.000000
animated-features,2024,boy-and-the-heron,2024,16,16189106,2943473.818182,5.500000,2025,6.000000,1.090909,17660842.909091
animated-features,2024,boy-and-the-heron,2024,17,17035375,3097340.909091,5.500000,2025,6.000000,1.090909,18584045.454545
animated-features,2024,boy-and-the-heron,2024,18,17885741,3251952.909091,5.500000,2025,6.000000,1.090909,19511717.454545
animated-features,2024,boy-and-the-heron,2024,19,18702173,3400395.090909,5.500000,2025,6.000000,1.090909,20402370.545455
animated-features,2024,boy-and-the-heron,2024,20,19505247,3546408.545455,5.500000,2025,6.000000,1.090909,21278451.272727
animated-features,2024,boy-and-the-heron,2024,21,20324781,3695414.727273,5.500000,2025,6.000000,1.090909,22172488.363636
animated-features,2024,boy-and-the-heron,2024,22,21266351,3866609.272727,5.500000,2025,6.000000,1.090909,23199655.636364
animated-features,2024,boy-and-the-heron,2024,23,22224461,4040811.090909,5.500000,2025,6.000000,1.090909,24244866.545455
animated-features,2024,boy-and-the-heron,2024,24,22957776,4174141.090909,5.500000,2025,6.000000,1.090909,25044846.545455
animated-features,2024,boy-and-the-heron,2024,25,23820467,4330994.000000,5.500000,2025,6.000000,1.090909,25985964.000000
animated-features,2024,boy-and-the-heron,2024,26,24726555,4495737.272727,5.500000,2025,6.000000,1.090909,26974423.636364
animated-features,2024,boy-and-the-heron,2024,27,25804356,4691701.090909,5.500000,2025,6.000000,1.090909,28150206.545455
animated-features,2024,inside-out-2,2024,1,1946198,353854.181818,5.500000,2025,6.000000,1.090909,2123125.090909
animated-features,2024,inside-out-2,2024,2,4273232,776951.272727,5.500000,2025,6.000000,1.090909,4661707.636364
animated-features,2024,inside-out-2,2024,3,6208284,1128778.909091,5.500000,2025,6.000000,1.090909,6772673.454545
animated-features,2024,inside-out-2,2024,4,8242648,1498663.272727,5.500000,2025,6.000000,1.090909,8991979.636364
animated-features,2024,inside-out-2,2024,5,10531935,1914897.272727,5.500000,2025,6.000000,1.090909,11489383.636364
animated-features,2024,inside-out-2,2024,6,12674708,2304492.363636,5.500000,2025,6.000000,1.090909,13826954.181818
animated-features,2024,inside-out-2,2024,7,15036058,2733828.727273,5.500000,2025,6.000000,1.090909,16402972.363636
animated-features,2024,inside-out-2,2024,8,17305867,3146521.272727,5.500000,2025,6.000000,1.090909,18879127.636364
animated-features,2024,inside-out-2,2024,9,19385951,3524718.363636,5.500000,2025,6.000000,1.090909,21148310.181818
animated-features,2024,inside-out-2,2024,10,21447583,3899560.545455,5.500000,2025,6.000000,1.090909,23397363.272727
animated-features,2024,inside-out-2,2024,11,23343537,4244279.454545,5.500000,2025,6.000000,1.090909,25465676.727273
animated-features,2024,inside-out-2,2024,12,25259280,4592596.363636,5.500000,2025,6.000000,1.090909,27555578.181818
animated-features,2024,inside-out-2,2024,13,27073152,4922391.272727,5.500000,2025,6.000000,1.090909,29534347.636364
animated-features,2024,inside-out-2,2024,14,29102037,5291279.454545,5.500000,2025,6.000000,1.090909,31747676.727273
animated-features,2024,inside-out-2,2024,15,31367823,5703240.545455,5.500000,2025,6.000000,1.090909,34219443.272727
animated-features,2024,inside-out-2,2024,16,33368908,6067074.181818,5.500000,2025,6.000000,1.090909,36402445.090909
animated-features,2024,inside-out-2,2024,17,35323246,6422408.363636,5.500000,2025,6.000000,1.090909,38534450.181818
animated-features,2024,inside-out-2,2024,18,37151475,6754813.636364,5.500000,2025,6.000000,1.090909,40528881.818182
animated-features,2024,inside-out-2,2024,19,40230860,7314701.818182,5.500000,2025,6.000000,1.090909,43888210.909091
animated-features,2024,inside-out-2,2024,20,43304226,7873495.636364,5.500000,2025,6.000000,1.090909,47240973.818182
animated-features,2024,inside-out-2,2024,21,46440661,8443756.545455,5.500000,2025,6.000000,1.090909,50662539.272727
animated-features,2024,inside-out-2,2024,22,49418133,8985115.090909,5.500000,2025,6.000000,1.090909,53910690.545455
animated-features,2024,inside-out-2,2024,23,52436863,9533975.090909,5.500000,2025,6.000000,1.090909,57203850.545455
animated-features,2024,inside-out-2,2024,24,55511771,10093049.272727,5.500000,2025,6.000000,1.090909,60558295.636364
animated-features,2024,inside-out-2,2024,25,58498991,10636180.181818,5.500000,2025,6.000000,1.090909,63817081.090909
animated-features,2024,inside-out-2,2024,26,61493848,11180699.636364,5.500000,2025,6.000000,1.090909,67084197.818182
animated-features,2024,inside-out-2,2024,27,64436272,11715685.818182,5.500000,2025,6.000000,1.090909,70294114.909091
animated-features,2024,inside-out-2,2024,28,66093610,12017020.000000,5.500000,2025,6.000000,1.090909,72102120.000000
animated-features,2024,wild-robot,2024,1,2088652,379754.909091,5.500000,2025,6.000000,1.090909,2278529.454545
animated-features,2024,wild-robot,2024,2,4042182,734942.181818,5.500000,2025,6.000000,1.090909,4409653.090909
animated-features,2024,wild-robot,2024,3,5826154,1059300.727273,5.500000,2025,6.000000,1.090909,6355804.363636
animated-features,2024,wild-robot,2024,4,7458672,1356122.181818,5.500000,2025,6.000000,1.090909,8136733.090909
animated-features,2024,wild-robot,2024,5,8986522,1633913.090909,5.500000,2025,6.000000,1.090909,9803478.545455
animated-features,2024,wild-robot,2024,6,10551072,1918376.727273,5.500000,2025,6.000000,1.090909,11510260.363636
animated-features,2024,wild-robot,2024,7,12310212,2238220.363636,5.500000,2025,6.000000,1.090909,13429322.181818
animated-features,2024,wild-robot,2024,8,13820491,2512816.545455,5.500000,2025,6.000000,1.090909,15076899.272727
animated-features,2024,wild-robot,2024,9,15455540,2810098.181818,5.500000,2025,6.000000,1.090909,16860589.090909
animated-features,2024,wild-robot,2024,10,17230040,3132734.545455,5.500000,2025,6.000000,1.090909,18796407.272727
animated-features,2024,wild-robot,2024,11,18573823,3377058.727273,5.500000,2025,6.000000,1.090909,20262352.363636
animated-features,2024,wild-robot,2024,12,21216496,3857544.727273,5.500000,2025,6.000000,1.090909,23145268.363636
animated-features,2024,wild-robot,2024,13,23073319,4195148.909091,5.500000,2025,6.000000,1.090909,25170893.454545
animated-features,2024,wild-robot,2024,14,25705393,4673707.818182,5.500000,2025,6.000000,1.090909,28042246.909091
animated-features,2024,wild-robot,2024,15,28332349,5151336.181818,5.500000,2025,6.000000,1.090909,30908017.090909
animated-features,2024,wild-robot,2024,16,30840422,5607349.454545,5.500000,2025,6.000000,1.090909,33644096.727273
animated-features,2024,wild-robot,2024,17,33363282,6066051.272727,5.500000,2025,6.000000,1.090909,36396307.636364
animated-features,2024,wild-robot,2024,18,35920196,6530944.727273,5.500000,2025,6.000000,1.090909,39185668.363636
animated-features,2024,wild-robot,2024,19,38399964,6981811.636364,5.500000,2025,6.000000,1.090909,41890869.818182
animated-features,2024,wild-robot,2024,20,40827605,7423200.909091,5.500000,2025,6.000000,1.090909,44539205.454545
animated-features,2024,wild-robot,2024,21,43181797,7851235.818182,5.500000,2025,6.000000,1.090909,47107414.909091
animated-features,2024,wild-robot,2024,22,45617508,8294092.363636,5.500000,2025,6.000000,1.090909,49764554.181818
animated-features,2024,wild-robot,2024,23,47797568,8690466.909091,5.500000,2025,6.000000,1.090909,52142801.454545
animated-features,2024,wild-robot,2024,24,50019721,9094494.727273,5.500000,2025,6.000000,1.090909,54566968.363636
animated-features,2024,wild-robot,2024,25,51944323,9444422.363636,5.500000,2025,6.000000,1.090909,56666534.181818
animated-features,2024,wild-robot,2024,26,53841860,9789429.090909,5.500000,2025,6.000000,1.090909,58736574.545455
animated-features,2024,wild-robot,2024,27,55771187,10140215.818182,5.500000,2025,6.000000,1.090909,60841294.909091
animated-features,2025,moana-2,2025,1,2766551,461091.833333,6.000000,2025,6.000000,1.000000,2766551.000000
animated-features,2025,moana-2,2025,2,5222760,870460.000000,6.000000,2025,6.000000,1.000000,5222760.000000
animated-features,2025,moana-2,2025,3,7736145,1289357.500000,6.000000,2025,6.000000,1.000000,7736145.000000
animated-features,2025,moana-2,2025,4,10362147,1727024.500000,6.000000,2025,6.000000,1.000000,10362147.000000
animated-features,2025,moana-2,2025,5,12819400,2136566.666667,6.000000,2025,6.000000,1.000000,12819400.000000
animated-features,2025,moana-2,2025,6,15186210,2531035.000000,6.000000,2025,6.000000,1.000000,15186210.000000
animated-features,2025,moana-2,2025,7,17976541,2996090.166667,6.000000,2025,6.000000,1.000000,17976541.000000
animated-features,2025,moana-2,2025,8,20915915,3485985.833333,6.000000,2025,6.000000,1.000000,20915915.000000
animated-features,2025,moana-2,2025,9,23984714,3997452.333333,6.000000,2025,6.000000,1.000000,23984714.000000
animated-features,2025,moana-2,2025,10,26717939,4452989.833333,6.000000,2025,6.000000,1.000000,26717939.000000
animated-features,2025,moana-2,2025,11,29273813,4878968.833333,6.000000,2025,6.000000,1.000000,29273813.000000
animated-features,2025,moana-2,2025,12,31869725,5311620.833333,6.000000,2025,6.000000,1.000000,31869725.000000
animated-features,2025,moana-2,2025,13,34444319,5740719.833333,6.000000,2025,6.000000,1.000000,34444319.000000
animated-features,2025,moana-2,2025,14,36884248,6147374.666667,6.000000,2025,6.000000,1.000000,36884248.000000
animated-features,2025,moana-2,2025,15,39348925,6558154.166667,6.000000,2025,6.000000,1.000000,39348925.000000
animated-features,2025,moana-2,2025,16,41767293,6961215.500000,6.000000,2025,6.000000,1.000000,41767293.000000
animated-features,2025,moana-2,2025,17,44119726,7353287.666667,6.000000,2025,6.000000,1.000000,44119726.000000
animated-features,2025,moana-2,2025,18,46486730,7747788.333333,6.000000,2025,6.000000,1.000000,46486730.000000
animated-features,2025,moana-2,2025,19,48904071,8150678.500000,6.000000,2025,6.000000,1.000000,48904071.000000
animated-features,2025,moana-2,2025,20,51451453,8575242.166667,6.000000,2025,6.000000,1.000000,51451453.000000
animated-features,2025,moana-2,2025,21,53899549,8983258.166667,6.000000,2025,6.000000,1.000000,53899549.000000
animated-features,2025,moana-2,2025,22,56328248,9388041.333333,6.000000,2025,6.000000,1.000000,56328248.000000
animated-features,2025,moana-2,2025,23,58616975,9769495.833333,6.000000,2025,6.000000,1.000000,58616975.000000
animated-features,2025,moana-2,2025,24,60819180,10136530.000000,6.000000,2025,6.000000,1.000000,60819180.000000
animated-features,2025,moana-2,2025,25,62954234,10492372.333333,6.000000,2025,6.000000,1.000000,62954234.000000
animated-features,2025,moana-2,2025,26,65364819,10894136.500000,6.000000,2025,6.000000,1.000000,65364819.000000
animated-features,2025,predator-killer-of-killers,2025,1,1538653,256442.166667,6.000000,2025,6.000000,1.000000,1538653.000000
animated-features,2025,predator-killer-of-killers,2025,2,2969720,494953.333333,6.000000,2025,6.000000,1.000000,2969720.000000
animated-features,2025,predator-killer-of-killers,2025,3,4264053,710675.500000,6.000000,2025,6.000000,1.000000,4264053.000000
animated-features,2025,predator-killer-of-killers,2025,4,5425784,904297.333333,6.000000,2025,6.000000,1.000000,5425784.000000
animated-features,2025,predator-killer-of-killers,2025,5,6478227,1079704.500000,6.000000,2025,6.000000,1.000000,6478227.000000
animated-features,2025,predator-killer-of-killers,2025,6,7396523,1232753.833333,6.000000,2025,6.000000,1.000000,7396523.000000
animated-features,2025,predator-killer-of-killers,2025,7,8322935,1387155.833333,6.000000,2025,6.000000,1.000000,8322935.000000
animated-features,2025,predator-killer-of-killers,2025,8,9563810,1593968.333333,6.000000,2025,6.000000,1.000000,9563810.000000
animated-features,2025,predator-killer-of-killers,2025,10,10633054,1772175.666667,6.000000,2025,6.000000,1.000000,10633054.000000
animated-features,2025,predator-killer-of-killers,2025,11,11544271,1924045.166667,6.000000,2025,6.000000,1.000000,11544271.000000
animated-features,2025,predator-killer-of-killers,2025,12,12360448,2060074.666667,6.000000,2025,6.000000,1.000000,12360448.000000
animated-features,2025,predator-killer-of-killers,2025,13,13280868,2213478.000000,6.000000,2025,6.000000,1.000000,13280868.000000
animated-features,2025,predator-killer-of-killers,2025,14,14214380,2369063.333333,6.000000,2025,6.000000,1.000000,14214380.000000
animated-features,2025,predator-killer-of-killers,2025,15,15029762,2504960.333333,6.000000,2025,6.000000,1.000000,15029762.000000
animated-features,2025,predator-killer-of-killers,2025,16,15732708,2622118.000000,6.000000,2025,6.000000,1.000000,15732708.000000
