cohort_year,collection_key,reason
2017,americans-501,outside-animation-universe
2017,americans-513,outside-animation-universe
2017,blade-runner-2049,outside-animation-universe
2017,el-chapo-02,outside-animation-universe
2017,expanse-201,outside-animation-universe
2017,expanse-203,outside-animation-universe
2017,expanse-204,outside-animation-universe
2017,expanse-210,outside-animation-universe
2017,expanse-213,outside-animation-universe
2017,feud-101,outside-animation-universe
2017,feud-102,outside-animation-universe
2017,feud-108,outside-animation-universe
2017,game-of-thrones-701,outside-animation-universe
2017,game-of-thrones-702,outside-animation-universe
2017,game-of-thrones-703,outside-animation-universe
2017,game-of-thrones-705,outside-animation-universe
2017,game-of-thrones-706,outside-animation-universe
2017,game-of-thrones-707,outside-animation-universe
2017,good-fight-101,outside-animation-universe
2017,good-fight-105,outside-animation-universe
2017,good-fight-108,outside-animation-universe
2017,good-fight-110,outside-animation-universe
2017,handmaids-tale-101,outside-animation-universe
2017,handmaids-tale-105,outside-animation-universe
2017,house-of-cards-05,outside-animation-universe
2017,i-love-dick,outside-animation-universe
2017,into-the-badlands-203,outside-animation-universe
2017,narcos-03,outside-animation-universe
2017,screeners,outside-animation-universe
2017,sense8-02.1,outside-animation-universe
2017,star-trek-discovery-101,outside-animation-universe
2017,star-trek-discovery-104,outside-animation-universe
2017,star-trek-discovery-109,outside-animation-universe
2017,star-wars-last-jedi,outside-animation-universe
2017,stormy-daniels-2017,outside-animation-universe
2017,stranger-things-02,outside-animation-universe
2017,twin-peaks-310,outside-animation-universe
2017,twin-peaks-317,outside-animation-universe
2017,walking-dead-709,outside-animation-universe
2017,walking-dead-710,outside-animation-universe
2017,walking-dead-713,outside-animation-universe
2017,walking-dead-716,outside-animation-universe
2017,walking-dead-801,outside-animation-universe
2017,walking-dead-807,outside-animation-universe
2018,3-percent-02,outside-animation-universe
2018,altered-carbon-01,outside-animation-universe
2018,american-crime-story-201,outside-animation-universe
2018,american-crime-story-205,outside-animation-universe
2018,better-call-saul-406,outside-animation-universe
2018,black-panther,outside-animation-universe
2018,chilling-adventures-of-sabrina-01,outside-animation-universe
2018,doctor-who-1101,outside-animation-universe
2018,doctor-who-1105,outside-animation-universe
2018,expanse-301,outside-animation-universe
2018,expanse-313,outside-animation-universe
2018,glow-02,outside-animation-universe
2018,good-fight-202,outside-animation-universe
2018,good-fight-205,outside-animation-universe
2018,good-fight-210,outside-animation-universe
2018,good-fight-213,outside-animation-universe
2018,handmaids-tale-201,outside-animation-universe
2018,handmaids-tale-208,outside-animation-universe
2018,handmaids-tale-213,outside-animation-universe
2018,house-of-cards-06,outside-animation-universe
2018,human-flow,outside-animation-universe
2018,into-the-badlands-308,outside-animation-universe
2018,legend-of-galactic-heroes-die-neue-these,outside-animation-universe
2018,luke-cage-02,outside-animation-universe
2018,maniac-01,outside-animation-universe
2018,marvelous-mrs-maisel-02,outside-animation-universe
2018,narcos-mexico-01,outside-animation-universe
2018,orange-is-the-new-black-06,outside-animation-universe
2018,orville-201,outside-animation-universe
2018,ozark-02,outside-animation-universe
2018,queen-of-the-south-301,outside-animation-universe
2018,queen-of-the-south-311,outside-animation-universe
2018,queen-of-the-south-313,outside-animation-universe
2018,random-acts-of-flyness-104,outside-animation-universe
2018,random-acts-of-flyness-106,outside-animation-universe
2018,romanoffs-101,outside-animation-universe
2018,romanoffs-104,outside-animation-universe
2018,romanoffs-108,outside-animation-universe
2018,sense8-02.2,outside-animation-universe
2018,star-trek-discovery-110,outside-animation-universe
2018,star-trek-discovery-115,outside-animation-universe
2018,walking-dead-811,outside-animation-universe
2018,walking-dead-816,outside-animation-universe
2018,walking-dead-908,outside-animation-universe
2018,westworld-201,outside-animation-universe
2018,westworld-203,outside-animation-universe
2018,westworld-205,outside-animation-universe
2018,westworld-207,outside-animation-universe
2018,westworld-210,outside-animation-universe
2019,bachelors-23-and-01,outside-animation-universe
2019,big-bang-theory-1223,outside-animation-universe
2019,big-little-lies-201,outside-animation-universe
2019,big-little-lies-207,outside-animation-universe
2019,black-monday-106,outside-animation-universe
2019,black-monday-110,outside-animation-universe
2019,cobra-kai-02,outside-animation-universe
2019,doctor-who-1200,outside-animation-universe
2019,dolemite-is-my-name,outside-animation-universe
2019,expanse-04,outside-animation-universe
2019,ferhat-ile-sirin,outside-animation-universe
2019,game-of-thrones-801,outside-animation-universe
2019,game-of-thrones-803,outside-animation-universe
2019,game-of-thrones-806,outside-animation-universe
2019,glow-03,outside-animation-universe
2019,good-fight-301,outside-animation-universe
2019,good-fight-310,outside-animation-universe
2019,high-flying-bird,outside-animation-universe
2019,i-am-the-night-103,outside-animation-universe
2019,i-am-the-night-106,outside-animation-universe
2019,killing-eve-201,outside-animation-universe
2019,killing-eve-208,outside-animation-universe
2019,kurulus-osman-01,outside-animation-universe
2019,love-death-robots-01,category-predicate-not-matched
2019,mandalorian-101,outside-animation-universe
2019,mandalorian-102,outside-animation-universe
2019,mandalorian-108,outside-animation-universe
2019,marvelous-mrs-maisel-03,outside-animation-universe
2019,oa-02,outside-animation-universe
2019,orange-is-the-new-black-07,outside-animation-universe
2019,orville-206,outside-animation-universe
2019,orville-214,outside-animation-universe
2019,permanent-record,outside-animation-universe
2019,queen-of-the-south-407,outside-animation-universe
2019,queen-of-the-south-413,outside-animation-universe
2019,queer-eye-2018-04,outside-animation-universe
2019,she-ra-04,category-predicate-not-matched
2019,star-trek-discovery-201,outside-animation-universe
2019,star-trek-discovery-206,outside-animation-universe
2019,star-trek-discovery-214,outside-animation-universe
2019,stranger-things-03,outside-animation-universe
2019,succession-210,outside-animation-universe
2019,tales-of-the-city-2019,outside-animation-universe
2019,true-detective-301,outside-animation-universe
2019,true-detective-308,outside-animation-universe
2019,umbrella-academy-01,outside-animation-universe
2019,undone-01,category-predicate-not-matched
2019,walking-dead-1008,outside-animation-universe
2019,walking-dead-916,outside-animation-universe
2019,watchmen-104,outside-animation-universe
2019,watchmen-109,outside-animation-universe
2019,wu-assassins-01,outside-animation-universe
2019,yellowstone-210,outside-animation-universe
2020,alienist-201,outside-animation-universe
2020,altered-carbon-02,outside-animation-universe
2020,avenue-5-101,outside-animation-universe
2020,away-01,outside-animation-universe
2020,biohackers-01,outside-animation-universe
2020,black-is-king,outside-animation-universe
2020,blackaf-01,outside-animation-universe
2020,bojack-horseman-06,category-predicate-not-matched
2020,boys-201,outside-animation-universe
2020,boys-208,outside-animation-universe
2020,control-z-01,outside-animation-universe
2020,da-5-bloods,outside-animation-universe
2020,dark-03,outside-animation-universe
2020,devs-108,outside-animation-universe
2020,doom-patrol-201,outside-animation-universe
2020,euphoria-special,outside-animation-universe
2020,expanse-501,outside-animation-universe
2020,folklore,outside-animation-universe
2020,good-fight-407,outside-animation-universe
2020,hamilton,outside-animation-universe
2020,happiest-season,outside-animation-universe
2020,high-fidelity-01,outside-animation-universe
2020,jamtara-sabka-number-ayega,outside-animation-universe
2020,japan-sinks,category-predicate-not-matched
2020,lego-star-wars-holiday-special-2020,outside-animation-universe
2020,lovebirds,outside-animation-universe
2020,lovecraft-country-101,outside-animation-universe
2020,lovecraft-country-110,outside-animation-universe
2020,mandalorian-201,outside-animation-universe
2020,mandalorian-208,outside-animation-universe
2020,mulan,outside-animation-universe
2020,narcos-mexico-02,outside-animation-universe
2020,queer-eye-2018-05,outside-animation-universe
2020,raised-by-wolves-110,outside-animation-universe
2020,solar-opposites-01,category-predicate-not-matched
2020,songbird,outside-animation-universe
2020,space-force-01,outside-animation-universe
2020,star-trek-discovery-305,outside-animation-universe
2020,star-trek-lower-decks-101,category-predicate-not-matched
2020,star-trek-picard-110,outside-animation-universe
2020,tales-from-the-loop-01,outside-animation-universe
2020,tenet,outside-animation-universe
2020,tiger-king-and-i,outside-animation-universe
2020,umbrella-academy-02,outside-animation-universe
2020,upload-01,outside-animation-universe
2020,vanguard,outside-animation-universe
2020,westworld-301,outside-animation-universe
2020,westworld-308,outside-animation-universe
2020,what-we-do-in-the-shadows-210,outside-animation-universe
2020,wonder-woman-1984,outside-animation-universe
2021,archer-1201,category-predicate-not-matched
2021,army-of-the-dead,outside-animation-universe
2021,beatles-get-back,outside-animation-universe
2021,black-monday-310,outside-animation-universe
2021,blade-runner-black-lotus-101,category-predicate-not-matched
2021,bliss,outside-animation-universe
2021,borats-american-lockdown,outside-animation-universe
2021,cinderella-2021,outside-animation-universe
2021,cobra-kai-03,outside-animation-universe
2021,cocaine-cowboys-the-kings-of-miami,outside-animation-universe
2021,coming-2-america,outside-animation-universe
2021,cowboy-bebop-2021-01,outside-animation-universe
2021,debris-113,outside-animation-universe
2021,detective-chinatown-3,outside-animation-universe
2021,dont-look-up,outside-animation-universe
2021,doom-patrol-301,outside-animation-universe
2021,doors,outside-animation-universe
2021,dune-2021,outside-animation-universe
2021,expanse-510,outside-animation-universe
2021,expanse-601,outside-animation-universe
2021,falcon-and-the-winter-soldier-101,outside-animation-universe
2021,falcon-and-the-winter-soldier-106,outside-animation-universe
2021,for-all-mankind-201,outside-animation-universe
2021,for-all-mankind-210,outside-animation-universe
2021,foundation-101,outside-animation-universe
2021,godzilla-vs-kong,outside-animation-universe
2021,good-fight-510,outside-animation-universe
2021,halston-01,outside-animation-universe
2021,harder-they-fall,outside-animation-universe
2021,intergalactic-01,outside-animation-universe
2021,invasion-101,outside-animation-universe
2021,invincible-101,category-predicate-not-matched
2021,kung-fu-101,outside-animation-universe
2021,kung-fu-113,outside-animation-universe
2021,loki-101,outside-animation-universe
2021,loki-106,outside-animation-universe
2021,love-death-robots-02,category-predicate-not-matched
2021,lupin-02,outside-animation-universe
2021,made-for-love-107,outside-animation-universe
2021,malcolm-and-marie,outside-animation-universe
2021,matrix-resurrections,outside-animation-universe
2021,me-you-cant-see-01,outside-animation-universe
2021,money-heist-05.1,outside-animation-universe
2021,money-heist-05.2,outside-animation-universe
2021,mother-android,outside-animation-universe
2021,narcos-mexico-03,outside-animation-universe
2021,no-sudden-move,outside-animation-universe
2021,no-time-to-die,outside-animation-universe
2021,one-night-in-miami,outside-animation-universe
2021,one-piece-95x,category-predicate-not-matched
2021,one-piece-98x,category-predicate-not-matched
2021,only-murders-in-the-building-110,outside-animation-universe
2021,oprah-meghan-harry,outside-animation-universe
2021,outer-banks-02,outside-animation-universe
2021,outside-the-wire,outside-animation-universe
2021,pacific-rim-the-black,category-predicate-not-matched
2021,pose-307,outside-animation-universe
2021,princess-switch-3,outside-animation-universe
2021,prisoners-of-the-ghostland,outside-animation-universe
2021,q-force-01,category-predicate-not-matched
2021,queen-of-the-south-510,outside-animation-universe
2021,reservation-dogs-101,outside-animation-universe
2021,shadow-and-bone-01,outside-animation-universe
2021,shang-chi-and-the-legend-of-the-ten-rings,outside-animation-universe
2021,snowpiercer-209,outside-animation-universe
2021,space-sweepers,outside-animation-universe
2021,star-wars-visions-01,category-predicate-not-matched
2021,succession-301,outside-animation-universe
2021,suicide-squad-2021,outside-animation-universe
2021,summer-of-soul,outside-animation-universe
2021,ted-lasso-201,outside-animation-universe
2021,tomorrow-war,outside-animation-universe
2021,trese-01,category-predicate-not-matched
2021,ultra-city-smiths-106,category-predicate-not-matched
2021,underground-railroad-01,outside-animation-universe
2021,wandavision-101,outside-animation-universe
2021,wandavision-109,outside-animation-universe
2021,what-if-2021-101,category-predicate-not-matched
2021,witcher-02,outside-animation-universe
2021,y-the-last-man-101,outside-animation-universe
2021,yasuke-01,category-predicate-not-matched
2022,abbott-elementary-113,outside-animation-universe
2022,all-of-us-are-dead-01,outside-animation-universe
2022,all-the-old-knives,outside-animation-universe
2022,andor-101,outside-animation-universe
2022,andor-112,outside-animation-universe
2022,andy-warhol-diaries-01,outside-animation-universe
2022,archer-1308,category-predicate-not-matched
2022,atlanta-301,outside-animation-universe
2022,atlanta-310,outside-animation-universe
2022,atlanta-410,outside-animation-universe
2022,book-of-boba-fett-107,outside-animation-universe
2022,boys-301,outside-animation-universe
2022,boys-308,outside-animation-universe
2022,boys-presents-diabolical-01,category-predicate-not-matched
2022,bridgerton-02,outside-animation-universe
2022,enola-holmes-2,outside-animation-universe
2022,eternals,outside-animation-universe
2022,euphoria-208,outside-animation-universe
2022,everything-everywhere-all-at-once,outside-animation-universe
2022,expanse-606,outside-animation-universe
2022,fistful-of-vengeance,outside-animation-universe
2022,flight-attendant-201,outside-animation-universe
2022,for-all-mankind-301,outside-animation-universe
2022,glass-onion,outside-animation-universe
2022,gray-man,outside-animation-universe
2022,harley-quinn-301,category-predicate-not-matched
2022,house-of-the-dragon-101,outside-animation-universe
2022,house-of-the-dragon-103,outside-animation-universe
2022,house-of-the-dragon-110,outside-animation-universe
2022,inventing-anna-01,outside-animation-universe
2022,jeen-yuhs-01,outside-animation-universe
2022,kimi,outside-animation-universe
2022,kindred-01,outside-animation-universe
2022,marvelous-mrs-maisel-407,outside-animation-universe
2022,obi-wan-kenobi-101,outside-animation-universe
2022,obi-wan-kenobi-106,outside-animation-universe
2022,old-man-107,outside-animation-universe
2022,only-murders-in-the-building-201,outside-animation-universe
2022,only-murders-in-the-building-210,outside-animation-universe
2022,pantheon-108,category-predicate-not-matched
2022,paper-girls-01,outside-animation-universe
2022,peripheral-101,outside-animation-universe
2022,peripheral-108,outside-animation-universe
2022,prehistoric-planet-01,category-predicate-not-matched
2022,prey,outside-animation-universe
2022,raised-by-wolves-201,outside-animation-universe
2022,raised-by-wolves-208,outside-animation-universe
2022,renaissance,outside-animation-universe
2022,reservation-dogs-201,outside-animation-universe
2022,rings-of-power-101,outside-animation-universe
2022,rings-of-power-108,outside-animation-universe
2022,roar-01,outside-animation-universe
2022,russian-doll-02,outside-animation-universe
2022,sandman-01,outside-animation-universe
2022,spider-man-no-way-home,outside-animation-universe
2022,station-eleven-110,outside-animation-universe
2022,stranger-things-04.1,outside-animation-universe
2022,stranger-things-04.2,outside-animation-universe
2022,tales-of-the-jedi-01,category-predicate-not-matched
2022,tokyo-vice-01,outside-animation-universe
2022,undone-02,category-predicate-not-matched
2022,walking-dead-1124,outside-animation-universe
2022,wednesday-01,outside-animation-universe
2022,westworld-401,outside-animation-universe
2022,westworld-408,outside-animation-universe
2022,witcher-blood-origin-01,outside-animation-universe
2022,yellowjackets-110,outside-animation-universe
2022,yellowstone-505,outside-animation-universe
2023,ahsoka-101,outside-animation-universe
2023,ahsoka-108,outside-animation-universe
2023,american-born-chinese-01,outside-animation-universe
2023,and-just-like-that-201,outside-animation-universe
2023,and-just-like-that-211,outside-animation-universe
2023,archer-1401,category-predicate-not-matched
2023,archer-1408,outside-animation-universe
2023,avatar-the-way-of-water,outside-animation-universe
2023,barbie,outside-animation-universe
2023,barry-401,outside-animation-universe
2023,beacon-23-101,outside-animation-universe
2023,beacon-23-108,outside-animation-universe
2023,bear-02,outside-animation-universe
2023,black-mirror-06,outside-animation-universe
2023,black-panther-wakanda-forever,outside-animation-universe
2023,blue-eye-samurai-01,category-predicate-not-matched
2023,changeling-108,outside-animation-universe
2023,citadel-101,outside-animation-universe
2023,citadel-106,outside-animation-universe
2023,consultant-01,outside-animation-universe
2023,curse-01,outside-animation-universe
2023,dungeons-and-dragons-honor-among-thieves,outside-animation-universe
2023,fargo-501,outside-animation-universe
2023,for-all-mankind-401,outside-animation-universe
2023,foundation-201,outside-animation-universe
2023,fubar-01,outside-animation-universe
2023,full-circle-01,outside-animation-universe
2023,gen-v-101,outside-animation-universe
2023,gen-v-108,outside-animation-universe
2023,guardians-of-the-galaxy-3,outside-animation-universe
2023,hijack-101,outside-animation-universe
2023,hijack-107,outside-animation-universe
2023,idol-101,outside-animation-universe
2023,im-a-virgo-01,outside-animation-universe
2023,invincible-201,category-predicate-not-matched
2023,last-of-us-101,outside-animation-universe
2023,last-of-us-109,outside-animation-universe
2023,liaison-101,outside-animation-universe
2023,loki-201,outside-animation-universe
2023,loki-206,outside-animation-universe
2023,lupin-03,outside-animation-universe
2023,magic-mikes-last-dance,outside-animation-universe
2023,mandalorian-301,outside-animation-universe
2023,mandalorian-308,outside-animation-universe
2023,marvelous-mrs-maisel-501,outside-animation-universe
2023,minx-02,outside-animation-universe
2023,monarch-legacy-of-monsters-101,outside-animation-universe
2023,murder-at-the-end-of-the-world-101,outside-animation-universe
2023,murder-at-the-end-of-the-world-107,outside-animation-universe
2023,no-more-bets,outside-animation-universe
2023,only-murders-in-the-building-301,outside-animation-universe
2023,only-murders-in-the-building-310,outside-animation-universe
2023,oppenheimer,outside-animation-universe
2023,outer-banks-03,outside-animation-universe
2023,polite-society,outside-animation-universe
2023,power-105,outside-animation-universe
2023,power-109,outside-animation-universe
2023,prehistoric-planet-02,category-predicate-not-matched
2023,queen-charlotte-01,outside-animation-universe
2023,queer-eye-2018-07,outside-animation-universe
2023,reacher-201,outside-animation-universe
2023,reservation-dogs-301,outside-animation-universe
2023,reservation-dogs-310,outside-animation-universe
2023,they-cloned-tyrone,outside-animation-universe
2023,twisted-metal-01,outside-animation-universe
2023,warrior-310,outside-animation-universe
2023,witcher-03.1,outside-animation-universe
2023,witcher-03.2,outside-animation-universe
2023,you-04.2,outside-animation-universe
2024,3-body-problem-01,outside-animation-universe
2024,acolyte-101,outside-animation-universe
2024,acolyte-107,outside-animation-universe
2024,agatha-all-along-101,outside-animation-universe
2024,agatha-all-along-107,outside-animation-universe
2024,american-fiction,outside-animation-universe
2024,anora,outside-animation-universe
2024,apprentice-2024,outside-animation-universe
2024,arcane-02.1,category-predicate-not-matched
2024,arcane-02.2,category-predicate-not-matched
2024,arcane-02.3,category-predicate-not-matched
2024,avatar-the-last-airbender-2024-01,outside-animation-universe
2024,bad-monkey-109,outside-animation-universe
2024,bear-03,outside-animation-universe
2024,beverly-hills-cop-axel-f,outside-animation-universe
2024,blink-twice,outside-animation-universe
2024,boys-401,outside-animation-universe
2024,brothers-sun-01,outside-animation-universe
2024,diplomat-02,outside-animation-universe
2024,dune-2024,outside-animation-universe
2024,echo-01,outside-animation-universe
2024,emilia-perez,outside-animation-universe
2024,fallout-2024-01,outside-animation-universe
2024,fantasmas-01,outside-animation-universe
2024,fargo-510,outside-animation-universe
2024,feud-02,outside-animation-universe
2024,for-all-mankind-410,outside-animation-universe
2024,godzilla-minus-one,outside-animation-universe
2024,godzilla-x-kong-the-new-empire,outside-animation-universe
2024,griselda-01,outside-animation-universe
2024,hit-man,outside-animation-universe
2024,hit-monkey-02,category-predicate-not-matched
2024,house-of-the-dragon-201,outside-animation-universe
2024,house-of-the-dragon-207,outside-animation-universe
2024,interior-chinatown-01,outside-animation-universe
2024,killer-2024,outside-animation-universe
2024,kingdom-of-the-planet-of-the-apes,outside-animation-universe
2024,laid-01,outside-animation-universe
2024,madness-01,outside-animation-universe
2024,masters-of-the-air-101,outside-animation-universe
2024,masters-of-the-air-108,outside-animation-universe
2024,monarch-legacy-of-monsters-110,outside-animation-universe
2024,monsieur-spade-01,outside-animation-universe
2024,mr-and-mrs-smith-2024-01,outside-animation-universe
2024,old-man-201,outside-animation-universe
2024,only-murders-in-the-building-401,outside-animation-universe
2024,only-murders-in-the-building-409,outside-animation-universe
2024,outer-range-02,outside-animation-universe
2024,penguin-101,outside-animation-universe
2024,penguin-107,outside-animation-universe
2024,reacher-208,outside-animation-universe
2024,rings-of-power-201,outside-animation-universe
2024,rings-of-power-207,outside-animation-universe
2024,road-house-2024,outside-animation-universe
2024,shogun-2024-101,outside-animation-universe
2024,shogun-2024-110,outside-animation-universe
2024,silo-201,outside-animation-universe
2024,snowpiercer-401,outside-animation-universe
2024,special-ops-lioness-201,outside-animation-universe
2024,squid-game-02,outside-animation-universe
2024,stormy,outside-animation-universe
2024,sugar-107,outside-animation-universe
2024,tokyo-vice-201,outside-animation-universe
2024,tokyo-vice-209,outside-animation-universe
2024,we-are-lady-parts-02,outside-animation-universe
2024,what-if-2021-03,category-predicate-not-matched
2025,alien-earth-101,outside-animation-universe
2025,alien-earth-106,outside-animation-universe
2025,american-primeval,outside-animation-universe
2025,american-revolution-2025,outside-animation-universe
2025,andor-112,outside-animation-universe
2025,andor-201,outside-animation-universe
2025,andor-210,outside-animation-universe
2025,ballard-01,outside-animation-universe
2025,bear-04,outside-animation-universe
2025,beatles-anthology,outside-animation-universe
2025,black-bag-2025,outside-animation-universe
2025,chief-of-war-101,outside-animation-universe
2025,chief-of-war-107,outside-animation-universe
2025,cobra-kai-06.3,outside-animation-universe
2025,common-side-effects-01,category-predicate-not-matched
2025,companion-2025,outside-animation-universe
2025,dan-da-dan-210,category-predicate-not-matched
2025,dark-winds-301,outside-animation-universe
2025,death-by-lightning,outside-animation-universe
2025,demon-slayer-kimetsu-no-yaiba-the-movie-infinity-castle,outside-animation-universe
2025,dope-thief-101,outside-animation-universe
2025,down-cemetery-road-101,outside-animation-universe
2025,duster-101,outside-animation-universe
2025,duster-106,outside-animation-universe
2025,eyes-of-wakanda-01,category-predicate-not-matched
2025,fallout-2024-201,outside-animation-universe
2025,frankenstein-2025,outside-animation-universe
2025,gen-v-201,outside-animation-universe
2025,gen-v-206,outside-animation-universe
2025,hacks-401,outside-animation-universe
2025,hacks-408,outside-animation-universe
2025,highest-2-lowest,outside-animation-universe
2025,invasion-301,outside-animation-universe
2025,invincible-301,category-predicate-not-matched
2025,ironheart-01,outside-animation-universe
2025,king-of-the-hill-14,category-predicate-not-matched
2025,last-of-us-201,outside-animation-universe
2025,last-of-us-206,outside-animation-universe
2025,lazarus-101,category-predicate-not-matched
2025,lazarus-108,category-predicate-not-matched
2025,lazarus-111,category-predicate-not-matched
2025,long-story-short-01,outside-animation-universe
2025,love-death-robots-04,category-predicate-not-matched
2025,lowdown-101,outside-animation-universe
2025,mickey-17,outside-animation-universe
2025,mid-century-modern-01,outside-animation-universe
2025,minecraft-movie-2025,outside-animation-universe
2025,night-agent-02,outside-animation-universe
2025,nouvelle-vague,outside-animation-universe
2025,one-battle-after-another,outside-animation-universe
2025,only-murders-in-the-building-501,outside-animation-universe
2025,only-murders-in-the-building-508,outside-animation-universe
2025,peacemaker-201,outside-animation-universe
2025,pluribus-107,outside-animation-universe
2025,predator-badlands,outside-animation-universe
2025,prehistoric-planet-03,category-predicate-not-matched
2025,reacher-301,outside-animation-universe
2025,reacher-307,outside-animation-universe
2025,sean-combs-the-reckoning,outside-animation-universe
2025,severance-201,outside-animation-universe
2025,severance-209,outside-animation-universe
2025,sinners-2025,outside-animation-universe
2025,sly-lives,outside-animation-universe
2025,south-park-27,category-predicate-not-matched
2025,squid-game-03,outside-animation-universe
2025,star-wars-visions-03,category-predicate-not-matched
2025,stranger-things-05.1,outside-animation-universe
2025,stranger-things-05.2,outside-animation-universe
2025,studio-2025-101,outside-animation-universe
2025,summer-i-turned-pretty-311,outside-animation-universe
2025,superman-2025,outside-animation-universe
2025,tron-ares,outside-animation-universe
2025,weapons-2025,outside-animation-universe
2025,wednesday-02.1,outside-animation-universe
2025,wednesday-02.2,outside-animation-universe
2025,white-lotus-301,outside-animation-universe
2025,white-lotus-307,outside-animation-universe
2025,wicked-2024,outside-animation-universe
2025,wicked-for-good-2025,outside-animation-universe
2025,witcher-04,outside-animation-universe
2025,yellowjackets-201,outside-animation-universe
2025,your-friendly-neighborhood-spider-man-01,category-predicate-not-matched
2025,zero-day-01,outside-animation-universe
2026,acolyte-107,outside-animation-universe
2026,all-you-need-is-kill,outside-animation-universe
2026,avatar-the-last-airbender-2024-02,outside-animation-universe
2026,backrooms-2026,outside-animation-universe
2026,bear-00,outside-animation-universe
2026,bear-05,outside-animation-universe
2026,beastars-03.2,category-predicate-not-matched
2026,beauty-108,outside-animation-universe
2026,beef-02,outside-animation-universe
2026,bluff,outside-animation-universe
2026,boys-501,outside-animation-universe
2026,bridgerton-04.1,outside-animation-universe
2026,bridgerton-04.2,outside-animation-universe
2026,dang-01,outside-animation-universe
2026,dark-winds-401,outside-animation-universe
2026,dinosaurs-01,category-predicate-not-matched
2026,drama-2026,outside-animation-universe
2026,enola-holmes-3,outside-animation-universe
2026,euphoria-301,outside-animation-universe
2026,fallout-2024-206,outside-animation-universe
2026,for-all-mankind-501,outside-animation-universe
2026,furious-2025,outside-animation-universe
2026,ghost-in-the-shell-2026-01,outside-animation-universe
2026,goat-2026,outside-animation-universe
2026,hijack-201,outside-animation-universe
2026,his-and-hers-2026-01,outside-animation-universe
2026,hoppers,outside-animation-universe
2026,house-of-the-dragon-301,outside-animation-universe
2026,house-of-the-dragon-308,outside-animation-universe
2026,industry-401,outside-animation-universe
2026,invincible-401,outside-animation-universe
2026,invite-2026,outside-animation-universe
2026,knight-of-the-seven-kingdoms-106,outside-animation-universe
2026,lanterns-101,outside-animation-universe
2026,legend-of-aang-the-last-airbender,outside-animation-universe
2026,legend-of-vox-machina-410,outside-animation-universe
2026,love-story-2026-107,outside-animation-universe
2026,man-on-the-run,outside-animation-universe
2026,mandalorian-and-grogu,outside-animation-universe
2026,mating-season-01,outside-animation-universe
2026,maul-shadow-lord-101,category-predicate-not-matched
2026,monarch-legacy-of-monsters-201,outside-animation-universe
2026,monarch-legacy-of-monsters-208,outside-animation-universe
2026,my-brilliant-career-2026-01,outside-animation-universe
2026,night-agent-03,outside-animation-universe
2026,obsession-2025,outside-animation-universe
2026,olympics-2026,outside-animation-universe
2026,one-piece-2023-02,outside-animation-universe
2026,pitt-201,outside-animation-universe
2026,pitt-213,outside-animation-universe
2026,president-curtis-01,outside-animation-universe
2026,project-hail-mary,outside-animation-universe
2026,reacher-401,outside-animation-universe
2026,rick-and-morty-901,outside-animation-universe
2026,season-2026-01,outside-animation-universe
2026,send-help,outside-animation-universe
2026,shards-101,outside-animation-universe
2026,silo-301,outside-animation-universe
2026,spider-noir-01,outside-animation-universe
2026,star-city-101,outside-animation-universe
2026,star-wars-visions-the-ninth-jedi-01,outside-animation-universe
2026,stranger-things-05.3,outside-animation-universe
2026,stranger-things-tales-from-85-01,outside-animation-universe
2026,sugar-201,outside-animation-universe
2026,super-mario-galaxy-movie,outside-animation-universe
2026,testaments-101,outside-animation-universe
2026,toy-story-5,outside-animation-universe
2026,widows-bay-108,outside-animation-universe
2026,world-cup-2026,outside-animation-universe
2026,x-men-97-201,outside-animation-universe
